Workbook

Sheet Executive Summary
A1: Budget and ROI Workbook
A2: Free-first planning model. All business outcomes are assumptions until real data is entered.
A4: Generated | B4: 2026-08-14 17:31 ET
A5: Data classification | B5: Operational metadata only - no secrets, private BCC, or live customer PII

Sheet Assumptions
A1: Assumptions
A2: Yellow cells are editable assumptions; current paid media spend is zero.
A4: Input | B4: Conservative | C4: Base | D4: Upside | E4: Unit
A5: Monthly paid media budget | B5: 0 | C5: 0 | D5: 0 | E5: USD
A6: Monthly organic leads | B6: 5 | C6: 12 | D6: 25 | E6: leads
A7: Qualified rate | B7: 0.25 | C7: 0.35 | D7: 0.45 | E7: %
A8: Appointment rate from qualified | B8: 0.25 | C8: 0.35 | D8: 0.45 | E8: %
A9: Signed-client rate from appointments | B9: 0.2 | C9: 0.3 | D9: 0.4 | E9: %
A10: Closing rate from signed clients | B10: 0.5 | C10: 0.65 | D10: 0.75 | E10: %
A11: Gross revenue per closing | B11: 5000 | C11: 7500 | D11: 10000 | E11: USD
A12: Monthly operating tools | B12: 0 | C12: 0 | D12: 0 | E12: USD

Sheet ROI Model
A1: ROI Model
A2: Formula-driven scenarios; tests excluded because assumptions represent genuine pipeline only.
A4: Metric | B4: Conservative | C4: Base | D4: Upside | E4: Formula note
A5: Organic leads | B5: ='Assumptions'!B6 | C5: ='Assumptions'!C6 | D5: ='Assumptions'!D6 | E5: Input
A6: Qualified leads | B6: =B5*'Assumptions'!B7 | C6: =C5*'Assumptions'!C7 | D6: =D5*'Assumptions'!D7 | E6: Leads x qualified rate
A7: Appointments | B7: =B6*'Assumptions'!B8 | C7: =C6*'Assumptions'!C8 | D7: =D6*'Assumptions'!D8 | E7: Qualified x appointment rate
A8: Signed clients | B8: =B7*'Assumptions'!B9 | C8: =C7*'Assumptions'!C9 | D8: =D7*'Assumptions'!D9 | E8: Appointments x signed rate
A9: Closings | B9: =B8*'Assumptions'!B10 | C9: =C8*'Assumptions'!C10 | D9: =D8*'Assumptions'!D10 | E9: Signed x closing rate
A10: Gross attributed revenue | B10: =B9*'Assumptions'!B11 | C10: =C9*'Assumptions'!C11 | D10: =D9*'Assumptions'!D11 | E10: Closings x gross revenue
A11: Total modeled cost | B11: ='Assumptions'!B5+'Assumptions'!B12 | C11: ='Assumptions'!C5+'Assumptions'!C12 | D11: ='Assumptions'!D5+'Assumptions'!D12 | E11: Paid budget + tools
A12: Modeled ROI | B12: =IF(B11=0,0,(B10-B11)/B11) | C12: =IF(C11=0,0,(C10-C11)/C11) | D12: =IF(D11=0,0,(D10-D11)/D11) | E12: (Revenue - cost) / cost; zero when cost is zero
